#,Titel,URL,Zuletzt besucht am-Datum,Zuletzt besucht am-Zeit,Besuche,Nutzungsmuster,Konto,Artefakt-Familie,Quellspeicherpfad,Quelle,Gelöschte,Tag-Hinweis,Quelldatei-Informationen,Rekonstruiert,Manuell decodiert
1,,https://accounts.google.com/AccountChooser?Email=siegfriedmuller107@gmail.com&continue=https://myaccount.google.com/alert/nt/1671214211000?rfn%3D325%26rfnc%3D1%26eid%3D-6896748327629362825%26et%3D0,16.12.2022,16.12.2022 19:10:12(UTC+1),,,,,,Gmail,,,,,
2,Gateway Timeout - In read,https://www.ebay-kleinanzeigen.de/m-benutzer-verifizieren.html?uuid=9f2608dc-9f24-4468-a530-569194f81932&targetExperience=WEB&utm_source=email&utm_medium=system_email&utm_campaign=email-UserRegistration&utm_content=ConfirmRegistration,16.12.2022,16.12.2022 19:09:36(UTC+1),,,,,,Chrome,,,"userdata (ExtX)/Root/data/com.android.chrome/app_chrome/Default/History : 0x5FF4 (Tabelle: visits, urls, Größe: 98304 Bytes)
userdata (ExtX)/Root/data/com.android.chrome/cache/Cache/9bad9e22b98baf27_0 : 0x102 (Größe: 4745 Bytes)",,
3,,https://myaccount.google.com/activitycontrols/location?utm_source=tl-email&utm_medium=email&utm_campaign=ww,16.12.2022,16.12.2022 00:06:35(UTC+1),,,,,,Gmail,,,,,
4,,https://www.google.com/maps/timeline?ved=0ENeiAg,16.12.2022,16.12.2022 00:06:35(UTC+1),,,,,,Gmail,,,,,
5,Nicht verfügbar: https://www.finanzfrage.net/g/frage/gebuehr-fuer-top-anzeige-bei-ebay-kleinanzeigen-bezahlen,https://www.finanzfrage.net/g/frage/gebuehr-fuer-top-anzeige-bei-ebay-kleinanzeigen-bezahlen,15.12.2022,15.12.2022 12:59:58(UTC+1),,,,,,Samsung Internet Browser,,,"userdata (ExtX)/Root/data/com.sec.android.app.sbrowser/app_sbrowser/Default/History : 0x541D (Tabelle: visits, urls, Größe: 126976 Bytes)",,
6,Gebühr für Top Anzeige bei ebay Kleinanzeigen bezahlen? (Recht, Gebühren),https://www.google.com/url?q=https://www.finanzfrage.net/g/frage/gebuehr-fuer-top-anzeige-bei-ebay-kleinanzeigen-bezahlen&sa=U&ved=2ahUKEwiqqeGgyfv7AhVucfEDHSnwCI0QFnoECAEQAg&usg=AOvVaw1WetimZ-v0hOZgeK1YuxbU,15.12.2022,15.12.2022 12:59:58(UTC+1),,,,,,Samsung Internet Browser,,,"userdata (ExtX)/Root/data/com.sec.android.app.sbrowser/app_sbrowser/Default/History : 0x5439 (Tabelle: visits, urls, Größe: 126976 Bytes)",,
7,,https://www.finanzfrage.net/g/frage/gebuehr-fuer-top-anzeige-bei-ebay-kleinanzeigen-bezahlen,15.12.2022,15.12.2022 12:59:58(UTC+1),,,,,,Samsung Internet Browser,,,userdata (ExtX)/Root/data/com.sec.android.app.sbrowser/app_sbrowser/Default/History : 0x5439 (Größe: 126976 Bytes),,
8,ebaykleinanzeigen anzeige prüfung - Google Suche,https://www.google.com/search?client=ms-android-tmobile-de&source=android-browser&q=ebaykleinanzeigen+anzeige+pr%C3%BCfung&oq=ebaykleinanzeigen+anzeige+pr%C3%BCfung&aqs=heirloom-srp..,15.12.2022,15.12.2022 12:59:54(UTC+1),,,,,,Samsung Internet Browser,,,"userdata (ExtX)/Root/data/com.sec.android.app.sbrowser/app_sbrowser/Default/History : 0x5453 (Tabelle: visits, urls, Größe: 126976 Bytes)",,
9,Bald Online - Deine eBay Kleinanzeigen Anzeige erscheint nicht?! - Check-App,https://www.check-app.de/2021/01/25/bald-online-deine-ebay-kleinanzeigen-anzeige-erscheint-nicht/,15.12.2022,15.12.2022 12:59:14(UTC+1),,,,,,Samsung Internet Browser,,,"userdata (ExtX)/Root/data/com.sec.android.app.sbrowser/app_sbrowser/Default/History : 0x546D (Tabelle: visits, urls, Größe: 126976 Bytes)",,
10,Bald Online - Deine eBay Kleinanzeigen Anzeige erscheint nicht?! - Check-App,https://www.google.com/url?q=https://www.check-app.de/2021/01/25/bald-online-deine-ebay-kleinanzeigen-anzeige-erscheint-nicht/&sa=U&ved=2ahUKEwiqqeGgyfv7AhVucfEDHSnwCI0QFnoECAoQAg&usg=AOvVaw08oH-xpJuKKhi82Xt-QQgU,15.12.2022,15.12.2022 12:59:14(UTC+1),,,,,,Samsung Internet Browser,,,"userdata (ExtX)/Root/data/com.sec.android.app.sbrowser/app_sbrowser/Default/History : 0x5489 (Tabelle: visits, urls, Größe: 126976 Bytes)",,
11,,https://www.check-app.de/2021/01/25/bald-online-deine-ebay-kleinanzeigen-anzeige-erscheint-nicht/,15.12.2022,15.12.2022 12:59:14(UTC+1),,,,,,Samsung Internet Browser,,,userdata (ExtX)/Root/data/com.sec.android.app.sbrowser/app_sbrowser/Default/History : 0x5489 (Größe: 126976 Bytes),,
12,ebaykleinanzeigen anzeige prüfung - Google Suche,https://www.google.com/search?client=ms-android-tmobile-de&source=android-browser&q=ebaykleinanzeigen+anzeige+pr%C3%BCfung&oq=ebaykleinanzeigen+anzeige+pr%C3%BCfung&aqs=heirloom-srp..,15.12.2022,15.12.2022 12:59:09(UTC+1),,,,,,Samsung Internet Browser,,,"userdata (ExtX)/Root/data/com.sec.android.app.sbrowser/app_sbrowser/Default/History : 0x54A3 (Tabelle: visits, urls, Größe: 126976 Bytes)",,
13,Meine Kleinanzeige ist aufgegeben, aber sie erscheint nicht in der Suche - eBay Kleinanzeigen,https://themen.ebay-kleinanzeigen.de/hilfe/technische-fragen/Anzeige-nicht-zu-finden/?device=desktop,15.12.2022,15.12.2022 12:59:06(UTC+1),,,,,,Samsung Internet Browser,,,"userdata (ExtX)/Root/data/com.sec.android.app.sbrowser/app_sbrowser/Default/History : 0x54BD (Tabelle: visits, urls, Größe: 126976 Bytes)",,
14,Meine Kleinanzeige ist aufgegeben, aber sie erscheint nicht in der Suche - eBay Kleinanzeigen,https://themen.ebay-kleinanzeigen.de/hilfe/technische-fragen/Anzeige-nicht-zu-finden/?device=desktop,15.12.2022,15.12.2022 12:59:04(UTC+1),,,,,,Samsung Internet Browser,,,"userdata (ExtX)/Root/data/com.sec.android.app.sbrowser/app_sbrowser/Default/History : 0x54D7 (Tabelle: visits, urls, Größe: 126976 Bytes)",,
15,Meine Kleinanzeige ist aufgegeben, aber sie erscheint nicht in der Suche - eBay Kleinanzeigen,https://www.google.com/url?q=https://themen.ebay-kleinanzeigen.de/hilfe/technische-fragen/Anzeige-nicht-zu-finden/%3Fdevice%3Ddesktop&sa=U&ved=2ahUKEwiqqeGgyfv7AhVucfEDHSnwCI0QFnoECAMQAg&usg=AOvVaw3ihvisZJc3qqerjH0yMKif,15.12.2022,15.12.2022 12:59:04(UTC+1),,,,,,Samsung Internet Browser,,,"userdata (ExtX)/Root/data/com.sec.android.app.sbrowser/app_sbrowser/Default/History : 0x54F3 (Tabelle: visits, urls, Größe: 126976 Bytes)",,
16,,https://themen.ebay-kleinanzeigen.de/hilfe/technische-fragen/Anzeige-nicht-zu-finden/?device=desktop,15.12.2022,15.12.2022 12:59:04(UTC+1),,,,,,Samsung Internet Browser,,,userdata (ExtX)/Root/data/com.sec.android.app.sbrowser/app_sbrowser/Default/History : 0x54F3 (Größe: 126976 Bytes),,
17,ebaykleinanzeigen anzeige prüfung - Google Suche,https://www.google.com/search?client=ms-android-tmobile-de&source=android-browser&q=ebaykleinanzeigen+anzeige+pr%C3%BCfung&oq=ebaykleinanzeigen+anzeige+pr%C3%BCfung&aqs=heirloom-srp..,15.12.2022,15.12.2022 12:58:59(UTC+1),,,,,,Samsung Internet Browser,,,"userdata (ExtX)/Root/data/com.sec.android.app.sbrowser/app_sbrowser/Default/History : 0x550D (Tabelle: visits, urls, Größe: 126976 Bytes)",,
18,ebaykleinanzeigen sicherheitsprüfung - Google Suche,https://www.google.com/search?ie=UTF-8&client=ms-android-tmobile-de&source=android-browser&q=ebaykleinanzeigen+sicherheitspr%C3%BCfung,15.12.2022,15.12.2022 12:58:46(UTC+1),,,,,,Samsung Internet Browser,,,"userdata (ExtX)/Root/data/com.sec.android.app.sbrowser/app_sbrowser/Default/History : 0x5527 (Tabelle: visits, urls, Größe: 126976 Bytes)",,
19,Stinksauer auf eBay-Kleinanzeigen (Support) - Was ärgert euch gerade. - Das China Motorrollerforum,https://china-motorrollerforum.de/index.php?thread/7448-stinksauer-auf-ebay-kleinanzeigen-support/,15.12.2022,15.12.2022 12:58:06(UTC+1),,,,,,Samsung Internet Browser,,,"userdata (ExtX)/Root/data/com.sec.android.app.sbrowser/app_sbrowser/Default/History : 0x5541 (Tabelle: visits, urls, Größe: 126976 Bytes)",,
20,Stinksauer auf eBay-Kleinanzeigen (Support) - Was ärgert euch gerade. - Das China Motorrollerforum,https://www.google.com/url?q=https://china-motorrollerforum.de/index.php%3Fthread/7448-stinksauer-auf-ebay-kleinanzeigen-support/&sa=U&ved=2ahUKEwjNjMHzyPv7AhUxSPEDHUiKAkgQFnoECAEQAg&usg=AOvVaw0g9Bq6yzJgNM7_JhfC9XKx,15.12.2022,15.12.2022 12:58:06(UTC+1),,,,,,Samsung Internet Browser,,,"userdata (ExtX)/Root/data/com.sec.android.app.sbrowser/app_sbrowser/Default/History : 0x555D (Tabelle: visits, urls, Größe: 126976 Bytes)",,
21,,https://china-motorrollerforum.de/index.php?thread/7448-stinksauer-auf-ebay-kleinanzeigen-support/,15.12.2022,15.12.2022 12:58:06(UTC+1),,,,,,Samsung Internet Browser,,,userdata (ExtX)/Root/data/com.sec.android.app.sbrowser/app_sbrowser/Default/History : 0x555D (Größe: 126976 Bytes),,
22,ebaykleinanzeigen sicherheitsprüfung - Google Suche,https://www.google.com/search?ie=UTF-8&client=ms-android-tmobile-de&source=android-browser&q=ebaykleinanzeigen+sicherheitspr%C3%BCfung,15.12.2022,15.12.2022 12:57:34(UTC+1),,,,,,Samsung Internet Browser,,,"userdata (ExtX)/Root/data/com.sec.android.app.sbrowser/app_sbrowser/Default/History : 0x5577 (Tabelle: visits, urls, Größe: 126976 Bytes)",,
23,"Meine Anzeige ist ""Bald online"". Was heißt das? - eBay Kleinanzeigen",https://themen.ebay-kleinanzeigen.de/hilfe/deine-anzeigen/pruefung/,15.12.2022,15.12.2022 12:57:30(UTC+1),,,,,,Samsung Internet Browser,,,"userdata (ExtX)/Root/data/com.sec.android.app.sbrowser/app_sbrowser/Default/History : 0x5591 (Tabelle: visits, urls, Größe: 126976 Bytes)",,
24,"Meine Anzeige ist ""Bald online"". Was heißt das? - eBay Kleinanzeigen",https://themen.ebay-kleinanzeigen.de/hilfe/deine-anzeigen/pruefung/,15.12.2022,15.12.2022 12:57:29(UTC+1),,,,,,Samsung Internet Browser,,,"userdata (ExtX)/Root/data/com.sec.android.app.sbrowser/app_sbrowser/Default/History : 0x55AB (Tabelle: visits, urls, Größe: 126976 Bytes)",,
25,"Meine Anzeige ist ""Bald online"". Was heißt das? - eBay Kleinanzeigen",https://www.google.com/url?q=https://themen.ebay-kleinanzeigen.de/hilfe/deine-anzeigen/pruefung/&sa=U&ved=2ahUKEwjNjMHzyPv7AhUxSPEDHUiKAkgQFnoECAYQAg&usg=AOvVaw2uZKs049tIjBvn0sJYOU3e,15.12.2022,15.12.2022 12:57:29(UTC+1),,,,,,Samsung Internet Browser,,,"userdata (ExtX)/Root/data/com.sec.android.app.sbrowser/app_sbrowser/Default/History : 0x55C7 (Tabelle: visits, urls, Größe: 126976 Bytes)",,
26,,https://themen.ebay-kleinanzeigen.de/hilfe/deine-anzeigen/pruefung/,15.12.2022,15.12.2022 12:57:29(UTC+1),,,,,,Samsung Internet Browser,,,userdata (ExtX)/Root/data/com.sec.android.app.sbrowser/app_sbrowser/Default/History : 0x55C7 (Größe: 126976 Bytes),,
27,ebaykleinanzeigen sicherheitsprüfung - Google Suche,https://www.google.com/search?ie=UTF-8&client=ms-android-tmobile-de&source=android-browser&q=ebaykleinanzeigen+sicherheitspr%C3%BCfung,15.12.2022,15.12.2022 12:57:24(UTC+1),,,,,,Samsung Internet Browser,,,"userdata (ExtX)/Root/data/com.sec.android.app.sbrowser/app_sbrowser/Default/History : 0x55E1 (Tabelle: visits, urls, Größe: 126976 Bytes)",,
28,eventim.de,https://www.eventim.de/,15.12.2022,15.12.2022 12:57:15(UTC+1),,,,,,Samsung Internet Browser,,,"userdata (ExtX)/Root/data/com.sec.android.app.sbrowser/app_sbrowser/Default/History : 0x55FB (Tabelle: visits, urls, Größe: 126976 Bytes)",,
29,eventim.de,https://www.eventim.de/,15.12.2022,15.12.2022 12:57:07(UTC+1),,,,,,Samsung Internet Browser,,,"userdata (ExtX)/Root/data/com.sec.android.app.sbrowser/app_sbrowser/Default/History : 0x5615 (Tabelle: visits, urls, Größe: 126976 Bytes)",,
30,eventim.de,https://www.eventim.de/,14.12.2022,14.12.2022 17:13:09(UTC+1),,,,,,Samsung Internet Browser,,,"userdata (ExtX)/Root/data/com.sec.android.app.sbrowser/app_sbrowser/Default/History : 0x562F (Tabelle: visits, urls, Größe: 126976 Bytes)",,
31,eventim.de,https://www.eventim.de/,14.12.2022,14.12.2022 17:13:03(UTC+1),,,,,,Samsung Internet Browser,,,"userdata (ExtX)/Root/data/com.sec.android.app.sbrowser/app_sbrowser/Default/History : 0x5649 (Tabelle: visits, urls, Größe: 126976 Bytes)",,
32,eventim.de,https://www.eventim.de/,14.12.2022,14.12.2022 17:12:54(UTC+1),,,,,,Samsung Internet Browser,,,"userdata (ExtX)/Root/data/com.sec.android.app.sbrowser/app_sbrowser/Default/History : 0x5663 (Tabelle: visits, urls, Größe: 126976 Bytes)",,
33,eventim.de,https://www.eventim.de/,14.12.2022,14.12.2022 17:12:48(UTC+1),,,,,,Samsung Internet Browser,,,"userdata (ExtX)/Root/data/com.sec.android.app.sbrowser/app_sbrowser/Default/History : 0x567D (Tabelle: visits, urls, Größe: 126976 Bytes)",,
34,eventim.de,https://www.eventim.de/,14.12.2022,14.12.2022 17:12:40(UTC+1),,,,,,Samsung Internet Browser,,,"userdata (ExtX)/Root/data/com.sec.android.app.sbrowser/app_sbrowser/Default/History : 0x5697 (Tabelle: visits, urls, Größe: 126976 Bytes)",,
35,eventim.de,https://www.eventim.de/,14.12.2022,14.12.2022 17:12:34(UTC+1),,,,,,Samsung Internet Browser,,,"userdata (ExtX)/Root/data/com.sec.android.app.sbrowser/app_sbrowser/Default/History : 0x56B1 (Tabelle: visits, urls, Größe: 126976 Bytes)",,
36,eventim.de,https://www.google.com/url?q=https://www.eventim.de/&sa=U&ved=2ahUKEwiq18qAwPn7AhWGqqQKHaKlBGIQFnoECAEQAg&usg=AOvVaw0GaSfBl4S3ngQ3r90AFfyy,14.12.2022,14.12.2022 17:12:34(UTC+1),,,,,,Samsung Internet Browser,,,"userdata (ExtX)/Root/data/com.sec.android.app.sbrowser/app_sbrowser/Default/History : 0x56CD (Tabelle: visits, urls, Größe: 126976 Bytes)",,
37,,https://www.eventim.de/,14.12.2022,14.12.2022 17:12:34(UTC+1),,,,,,Samsung Internet Browser,,,userdata (ExtX)/Root/data/com.sec.android.app.sbrowser/app_sbrowser/Default/History : 0x56CD (Größe: 126976 Bytes),,
38,eventim - Google Suche,https://www.google.com/search?ie=UTF-8&client=ms-android-tmobile-de&source=android-browser&q=eventim,14.12.2022,14.12.2022 17:12:17(UTC+1),,,,,,Samsung Internet Browser,,,"userdata (ExtX)/Root/data/com.sec.android.app.sbrowser/app_sbrowser/Default/History : 0x571D (Tabelle: visits, urls, Größe: 126976 Bytes)",,
39,Wie man ein Hinterrad aus- und wieder einbaut - YouTube,https://m.youtube.com/watch?v=QiZydXtVQRQ,14.12.2022,14.12.2022 17:12:12(UTC+1),,,,,,Samsung Internet Browser,,,"userdata (ExtX)/Root/data/com.sec.android.app.sbrowser/app_sbrowser/Default/History : 0x5703 (Tabelle: visits, urls, Größe: 126976 Bytes)",,
40,Wie man ein Hinterrad aus- und wieder einbaut - YouTube,https://m.youtube.com/watch?v=QiZydXtVQRQ,14.12.2022,14.12.2022 17:12:06(UTC+1),,,,,,Samsung Internet Browser,,,"userdata (ExtX)/Root/data/com.sec.android.app.sbrowser/app_sbrowser/Default/History : 0x56E7 (Tabelle: visits, urls, Größe: 126976 Bytes)",,
41,Wie man ein Hinterrad aus- und wieder einbaut - YouTube,https://m.youtube.com/watch?v=QiZydXtVQRQ,10.12.2022,10.12.2022 12:07:40(UTC+1),,,,,,Samsung Internet Browser,,,"userdata (ExtX)/Root/data/com.sec.android.app.sbrowser/app_sbrowser/Default/History : 0x5737 (Tabelle: visits, urls, Größe: 126976 Bytes)",,
42,Wie man ein Hinterrad aus- und wieder einbaut - YouTube,https://m.youtube.com/watch?v=QiZydXtVQRQ,10.12.2022,10.12.2022 12:07:37(UTC+1),,,,,,Samsung Internet Browser,,,"userdata (ExtX)/Root/data/com.sec.android.app.sbrowser/app_sbrowser/Default/History : 0x5751 (Tabelle: visits, urls, Größe: 126976 Bytes)",,
43,Wie man ein Hinterrad aus- und wieder einbaut - YouTube,https://m.youtube.com/watch?v=QiZydXtVQRQ,10.12.2022,10.12.2022 12:07:24(UTC+1),,,,,,Samsung Internet Browser,,,"userdata (ExtX)/Root/data/com.sec.android.app.sbrowser/app_sbrowser/Default/History : 0x576B (Tabelle: visits, urls, Größe: 126976 Bytes)",,
44,Wie man ein Hinterrad aus- und wieder einbaut - YouTube,https://m.youtube.com/watch?v=QiZydXtVQRQ,10.12.2022,10.12.2022 12:07:15(UTC+1),,,,,,Samsung Internet Browser,,,"userdata (ExtX)/Root/data/com.sec.android.app.sbrowser/app_sbrowser/Default/History : 0x5785 (Tabelle: visits, urls, Größe: 126976 Bytes)",,
45,Wie man ein Hinterrad aus- und wieder einbaut - YouTube,https://www.google.com/url?q=https://m.youtube.com/watch%3Fv%3DQiZydXtVQRQ&sa=U&ved=2ahUKEwjRzfuT9O77AhWJc_EDHcLAA3cQtwJ6BAgCEAE&usg=AOvVaw19i7vre1Oo4E5vzt4a25Z8,10.12.2022,10.12.2022 12:07:15(UTC+1),,,,,,Samsung Internet Browser,,,"userdata (ExtX)/Root/data/com.sec.android.app.sbrowser/app_sbrowser/Default/History : 0x57A1 (Tabelle: visits, urls, Größe: 126976 Bytes)",,
46,,https://m.youtube.com/watch?v=QiZydXtVQRQ,10.12.2022,10.12.2022 12:07:15(UTC+1),,,,,,Samsung Internet Browser,,,userdata (ExtX)/Root/data/com.sec.android.app.sbrowser/app_sbrowser/Default/History : 0x57A1 (Größe: 126976 Bytes),,
47,hinterreifen ausbauen schnellspanner - Google Suche,https://www.google.com/search?ie=UTF-8&client=ms-android-tmobile-de&source=android-browser&q=hinterreifen+ausbauen+schnellspanner,10.12.2022,10.12.2022 12:07:13(UTC+1),,,,,,Samsung Internet Browser,,,"userdata (ExtX)/Root/data/com.sec.android.app.sbrowser/app_sbrowser/Default/History : 0x57BB (Tabelle: visits, urls, Größe: 126976 Bytes)",,
48,Wie wird ein Rad mit Schnellspanner montiert? | Fahrrad XXL,https://www.fahrrad-xxl.de/beratung/reparatur/rad-mit-schnellspanner-montieren/,10.12.2022,10.12.2022 12:06:23(UTC+1),,,,,,Samsung Internet Browser,,,"userdata (ExtX)/Root/data/com.sec.android.app.sbrowser/app_sbrowser/Default/History : 0x57D5 (Tabelle: visits, urls, Größe: 126976 Bytes)",,
49,Wie wird ein Rad mit Schnellspanner montiert? | Fahrrad XXL,https://www.google.com/url?q=https://www.fahrrad-xxl.de/beratung/reparatur/rad-mit-schnellspanner-montieren/&sa=U&ved=2ahUKEwjRzfuT9O77AhWJc_EDHcLAA3cQFnoECAUQAw&usg=AOvVaw0_Lh-RPZKes08OQZCwpMj6,10.12.2022,10.12.2022 12:06:23(UTC+1),,,,,,Samsung Internet Browser,,,"userdata (ExtX)/Root/data/com.sec.android.app.sbrowser/app_sbrowser/Default/History : 0x57F1 (Tabelle: visits, urls, Größe: 126976 Bytes)",,
50,,https://www.fahrrad-xxl.de/beratung/reparatur/rad-mit-schnellspanner-montieren/,10.12.2022,10.12.2022 12:06:23(UTC+1),,,,,,Samsung Internet Browser,,,userdata (ExtX)/Root/data/com.sec.android.app.sbrowser/app_sbrowser/Default/History : 0x57F1 (Größe: 126976 Bytes),,
51,hinterreifen ausbauen schnellspanner - Google Suche,https://www.google.com/search?ie=UTF-8&client=ms-android-tmobile-de&source=android-browser&q=hinterreifen+ausbauen+schnellspanner,10.12.2022,10.12.2022 12:06:17(UTC+1),,,,,,Samsung Internet Browser,,,"userdata (ExtX)/Root/data/com.sec.android.app.sbrowser/app_sbrowser/Default/History : 0x580B (Tabelle: visits, urls, Größe: 126976 Bytes)",,
52,GamePro Login,https://www.gamepro.de/login/,10.12.2022,10.12.2022 12:05:39(UTC+1),,,,,,Samsung Internet Browser,,,"userdata (ExtX)/Root/data/com.sec.android.app.sbrowser/app_sbrowser/Default/History : 0x585E (Tabelle: visits, urls, Größe: 126976 Bytes)",,
53,GamePro Login,https://www.gamepro.de/mitteilungen/,10.12.2022,10.12.2022 12:05:39(UTC+1),,,,,,Samsung Internet Browser,,,"userdata (ExtX)/Root/data/com.sec.android.app.sbrowser/app_sbrowser/Default/History : 0x5844 (Tabelle: visits, urls, Größe: 126976 Bytes)",,
54,Mario Party Superstars im Test: Fast das Best of, das wir uns gewünscht haben,https://www.gamepro.de/artikel/mario-party-superstars-test,3374714.html,10.12.2022,10.12.2022 12:05:09(UTC+1),,,,,,Samsung Internet Browser,,,"userdata (ExtX)/Root/data/com.sec.android.app.sbrowser/app_sbrowser/Default/History : 0x5825 (Tabelle: visits, urls, Größe: 126976 Bytes)",,
55,Mario Party Superstars im Test: Fast das Best of, das wir uns gewünscht haben,https://www.google.com/url?q=https://www.gamepro.de/artikel/mario-party-superstars-test,3374714.html&sa=U&ved=2ahUKEwiGvIzn8u77AhU59bsIHSy4D6QQFnoECAwQAg&usg=AOvVaw2ybM7TxY-tSGwqtX2loj-q,10.12.2022,10.12.2022 12:05:09(UTC+1),,,,,,Samsung Internet Browser,,,"userdata (ExtX)/Root/data/com.sec.android.app.sbrowser/app_sbrowser/Default/History : 0x587A (Tabelle: visits, urls, Größe: 126976 Bytes)",,
56,,https://www.gamepro.de/artikel/mario-party-superstars-test,3374714.html,10.12.2022,10.12.2022 12:05:09(UTC+1),,,,,,Samsung Internet Browser,,,userdata (ExtX)/Root/data/com.sec.android.app.sbrowser/app_sbrowser/Default/History : 0x587A (Größe: 126976 Bytes),,
57,mario psrt.superstars rezension - Google Suche,https://www.google.com/search?ie=UTF-8&client=ms-android-tmobile-de&source=android-browser&q=mario+psrt.superstars+rezension,10.12.2022,10.12.2022 12:00:15(UTC+1),,,,,,Samsung Internet Browser,,,"userdata (ExtX)/Root/data/com.sec.android.app.sbrowser/app_sbrowser/Default/History : 0x58CB (Tabelle: visits, urls, Größe: 126976 Bytes)",,
58,Emmi kocht einfach - Der Foodblog für einfache Rezepte, die gelingen,https://emmikochteinfach.de/,10.12.2022,10.12.2022 11:59:56(UTC+1),,,,,,Samsung Internet Browser,,,"userdata (ExtX)/Root/data/com.sec.android.app.sbrowser/app_sbrowser/Default/History : 0x58B1 (Tabelle: visits, urls, Größe: 126976 Bytes)",,
59,Gebratener Reis mit Hähnchen - emmikochteinfach,https://emmikochteinfach.de/gebratener-reis-mit-haehnchen/,10.12.2022,10.12.2022 11:59:45(UTC+1),,,,,,Samsung Internet Browser,,,"userdata (ExtX)/Root/data/com.sec.android.app.sbrowser/app_sbrowser/Default/History : 0x5894 (Tabelle: visits, urls, Größe: 126976 Bytes)",,
60,Gebratener Reis mit Hähnchen - emmikochteinfach,https://emmikochteinfach.de/gebratener-reis-mit-haehnchen/,07.12.2022,07.12.2022 12:21:48(UTC+1),,,,,,Samsung Internet Browser,,,"userdata (ExtX)/Root/data/com.sec.android.app.sbrowser/app_sbrowser/Default/History : 0x58E5 (Tabelle: visits, urls, Größe: 126976 Bytes)",,
61,Gebratener Reis mit Hähnchen - emmikochteinfach,https://www.google.com/url?q=https://emmikochteinfach.de/gebratener-reis-mit-haehnchen/&sa=U&ved=2ahUKEwjt75nNsef7AhXE6aQKHaDEDFwQFnoECAIQAg&usg=AOvVaw39gKPXlnafefsY5N0X-J4Q,07.12.2022,07.12.2022 12:21:48(UTC+1),,,,,,Samsung Internet Browser,,,"userdata (ExtX)/Root/data/com.sec.android.app.sbrowser/app_sbrowser/Default/History : 0x5901 (Tabelle: visits, urls, Größe: 126976 Bytes)",,
62,,https://emmikochteinfach.de/gebratener-reis-mit-haehnchen/,07.12.2022,07.12.2022 12:21:48(UTC+1),,,,,,Samsung Internet Browser,,,userdata (ExtX)/Root/data/com.sec.android.app.sbrowser/app_sbrowser/Default/History : 0x5901 (Größe: 126976 Bytes),,
63,gebratener reis - Google Suche,https://www.google.com/search?ie=UTF-8&client=ms-android-tmobile-de&source=android-browser&q=gebratener+reis,07.12.2022,07.12.2022 12:21:34(UTC+1),,,,,,Samsung Internet Browser,,,"userdata (ExtX)/Root/data/com.sec.android.app.sbrowser/app_sbrowser/Default/History : 0x591B (Tabelle: visits, urls, Größe: 126976 Bytes)",,
64,Gebratener Reis mit Gemüse und Rührei Rezept | EAT SMARTER,https://eatsmarter.de/rezepte/gebratener-reis-mit-gemuese-und-ruehrei-0,07.12.2022,07.12.2022 12:20:06(UTC+1),,,,,,Samsung Internet Browser,,,"userdata (ExtX)/Root/data/com.sec.android.app.sbrowser/app_sbrowser/Default/History : 0x5935 (Tabelle: visits, urls, Größe: 126976 Bytes)",,
65,Gebratener Reis mit Gemüse und Rührei Rezept | EAT SMARTER,https://www.google.com/url?q=https://eatsmarter.de/rezepte/gebratener-reis-mit-gemuese-und-ruehrei-0&sa=U&ved=2ahUKEwjt75nNsef7AhXE6aQKHaDEDFwQFnoECAcQAg&usg=AOvVaw2PH-toS1kTkJU-JQOgNUmW,07.12.2022,07.12.2022 12:20:06(UTC+1),,,,,,Samsung Internet Browser,,,"userdata (ExtX)/Root/data/com.sec.android.app.sbrowser/app_sbrowser/Default/History : 0x5951 (Tabelle: visits, urls, Größe: 126976 Bytes)",,
66,,https://eatsmarter.de/rezepte/gebratener-reis-mit-gemuese-und-ruehrei-0,07.12.2022,07.12.2022 12:20:06(UTC+1),,,,,,Samsung Internet Browser,,,userdata (ExtX)/Root/data/com.sec.android.app.sbrowser/app_sbrowser/Default/History : 0x5951 (Größe: 126976 Bytes),,
67,gebratener reis - Google Suche,https://www.google.com/search?ie=UTF-8&client=ms-android-tmobile-de&source=android-browser&q=gebratener+reis,07.12.2022,07.12.2022 12:19:54(UTC+1),,,,,,Samsung Internet Browser,,,"userdata (ExtX)/Root/data/com.sec.android.app.sbrowser/app_sbrowser/Default/History : 0x596B (Tabelle: visits, urls, Größe: 126976 Bytes)",,
68,Fahrrad 26 Zoll, Fahrräder & Zubehör in Hannover | eBay Kleinanzeigen,https://www.ebay-kleinanzeigen.de/s-fahrraeder/hannover/fahrrad-26-zoll/k0c217l3155,07.12.2022,07.12.2022 12:19:39(UTC+1),,,,,,Samsung Internet Browser,,,"userdata (ExtX)/Root/data/com.sec.android.app.sbrowser/app_sbrowser/Default/History : 0x5985 (Tabelle: visits, urls, Größe: 126976 Bytes)",,
69,Fahrrad 26 Zoll, Fahrräder & Zubehör in Hannover | eBay Kleinanzeigen,https://www.ebay-kleinanzeigen.de/s-fahrraeder/hannover/fahrrad-26-zoll/k0c217l3155,07.12.2022,07.12.2022 12:19:38(UTC+1),,,,,,Samsung Internet Browser,,,"userdata (ExtX)/Root/data/com.sec.android.app.sbrowser/app_sbrowser/Default/History : 0x599F (Tabelle: visits, urls, Größe: 126976 Bytes)",,
70,Fahrrad 26 Zoll, Fahrräder & Zubehör in Hannover | eBay Kleinanzeigen,https://www.ebay-kleinanzeigen.de/s-fahrraeder/hannover/fahrrad-26-zoll/k0c217l3155,07.12.2022,07.12.2022 12:19:34(UTC+1),,,,,,Samsung Internet Browser,,,"userdata (ExtX)/Root/data/com.sec.android.app.sbrowser/app_sbrowser/Default/History : 0x59B9 (Tabelle: visits, urls, Größe: 126976 Bytes)",,
71,Fahrrad 26 Zoll, Fahrräder & Zubehör in Hannover | eBay Kleinanzeigen,https://www.ebay-kleinanzeigen.de/s-fahrraeder/hannover/fahrrad-26-zoll/k0c217l3155,07.12.2022,07.12.2022 12:19:32(UTC+1),,,,,,Samsung Internet Browser,,,"userdata (ExtX)/Root/data/com.sec.android.app.sbrowser/app_sbrowser/Default/History : 0x59D3 (Tabelle: visits, urls, Größe: 126976 Bytes)",,
72,Fahrrad 26 Zoll, Fahrräder & Zubehör in Hannover | eBay Kleinanzeigen,https://m.ebay-kleinanzeigen.de/s-anzeigen/fahrraeder-hannover/fahrrad-26-zoll/c217-l3155,07.12.2022,07.12.2022 12:19:32(UTC+1),,,,,,Samsung Internet Browser,,,"userdata (ExtX)/Root/data/com.sec.android.app.sbrowser/app_sbrowser/Default/History : 0x59EF (Tabelle: visits, urls, Größe: 126976 Bytes)",,
73,Fahrrad 26 Zoll, Fahrräder & Zubehör in Hannover | eBay Kleinanzeigen,https://www.google.com/url?q=https://m.ebay-kleinanzeigen.de/s-anzeigen/fahrraeder-hannover/fahrrad-26-zoll/c217-l3155&sa=U&ved=2ahUKEwiRyMa6sef7AhXDyaQKHTHYCPUQFnoECAoQAg&usg=AOvVaw3a5tgeoI_Uf1rw-IeKb_By,07.12.2022,07.12.2022 12:19:32(UTC+1),,,,,,Samsung Internet Browser,,,"userdata (ExtX)/Root/data/com.sec.android.app.sbrowser/app_sbrowser/Default/History : 0x5A0B (Tabelle: visits, urls, Größe: 126976 Bytes)",,
74,,https://m.ebay-kleinanzeigen.de/s-anzeigen/fahrraeder-hannover/fahrrad-26-zoll/c217-l3155,07.12.2022,07.12.2022 12:19:32(UTC+1),,,,,,Samsung Internet Browser,,,userdata (ExtX)/Root/data/com.sec.android.app.sbrowser/app_sbrowser/Default/History : 0x5A0B (Größe: 126976 Bytes),,
75,ebaykleinanzeigen fahrrad - Google Suche,https://www.google.com/search?ie=UTF-8&client=ms-android-tmobile-de&source=android-browser&q=ebaykleinanzeigen+fahrrad,07.12.2022,07.12.2022 12:19:15(UTC+1),,,,,,Samsung Internet Browser,,,"userdata (ExtX)/Root/data/com.sec.android.app.sbrowser/app_sbrowser/Default/History : 0x5A25 (Tabelle: visits, urls, Größe: 126976 Bytes)",,
76,fahrrad verkaufen tipps - Google Suche,https://www.google.com/search?client=ms-android-tmobile-de&source=android-browser&q=fahrrad+verkaufen+tipps&oq=fahrrad+verkaufen+tioos&aqs=heirloom-srp.0.0l1,07.12.2022,07.12.2022 12:19:06(UTC+1),,,,,,Samsung Internet Browser,,,"userdata (ExtX)/Root/data/com.sec.android.app.sbrowser/app_sbrowser/Default/History : 0x5A3F (Tabelle: visits, urls, Größe: 126976 Bytes)",,
77,Wo überall kann ich mein Fahrrad verkaufen? | Tipps,https://www.radtouren-checker.de/wo-ueberall-kann-ich-mein-fahrrad-verkaufen/,07.12.2022,07.12.2022 12:18:57(UTC+1),,,,,,Samsung Internet Browser,,,"userdata (ExtX)/Root/data/com.sec.android.app.sbrowser/app_sbrowser/Default/History : 0x5A59 (Tabelle: visits, urls, Größe: 126976 Bytes)",,
78,Wo überall kann ich mein Fahrrad verkaufen? | Tipps,https://www.google.com/url?q=https://www.radtouren-checker.de/wo-ueberall-kann-ich-mein-fahrrad-verkaufen/&sa=U&ved=2ahUKEwjnvtemsef7AhXCxgIHHQ1xB8EQFnoECAEQAg&usg=AOvVaw3ePJ4chDMJ4UwKV4dr64Jg,07.12.2022,07.12.2022 12:18:57(UTC+1),,,,,,Samsung Internet Browser,,,"userdata (ExtX)/Root/data/com.sec.android.app.sbrowser/app_sbrowser/Default/History : 0x5A75 (Tabelle: visits, urls, Größe: 126976 Bytes)",,
79,,https://www.radtouren-checker.de/wo-ueberall-kann-ich-mein-fahrrad-verkaufen/,07.12.2022,07.12.2022 12:18:57(UTC+1),,,,,,Samsung Internet Browser,,,userdata (ExtX)/Root/data/com.sec.android.app.sbrowser/app_sbrowser/Default/History : 0x5A75 (Größe: 126976 Bytes),,
80,fahrrad verkaufen tipps - Google Suche,https://www.google.com/search?client=ms-android-tmobile-de&source=android-browser&q=fahrrad+verkaufen+tipps&oq=fahrrad+verkaufen+tioos&aqs=heirloom-srp.0.0l1,07.12.2022,07.12.2022 12:18:53(UTC+1),,,,,,Samsung Internet Browser,,,"userdata (ExtX)/Root/data/com.sec.android.app.sbrowser/app_sbrowser/Default/History : 0x5A8F (Tabelle: visits, urls, Größe: 126976 Bytes)",,
81,Fahrrad verkaufen - die besten Tipps | BikeExchange,https://www.bikeexchange.de/blog/tipps-fahrrad-verkauf,07.12.2022,07.12.2022 12:18:39(UTC+1),,,,,,Samsung Internet Browser,,,"userdata (ExtX)/Root/data/com.sec.android.app.sbrowser/app_sbrowser/Default/History : 0x5AA9 (Tabelle: visits, urls, Größe: 126976 Bytes)",,
82,Fahrrad verkaufen - die besten Tipps | BikeExchange,https://www.google.com/url?q=https://www.bikeexchange.de/blog/tipps-fahrrad-verkauf&sa=U&ved=2ahUKEwjnvtemsef7AhXCxgIHHQ1xB8EQFnoECAsQAg&usg=AOvVaw01jvkSROlVy9nMC0CbhPE4,07.12.2022,07.12.2022 12:18:39(UTC+1),,,,,,Samsung Internet Browser,,,"userdata (ExtX)/Root/data/com.sec.android.app.sbrowser/app_sbrowser/Default/History : 0x5AC5 (Tabelle: visits, urls, Größe: 126976 Bytes)",,
83,,https://www.bikeexchange.de/blog/tipps-fahrrad-verkauf,07.12.2022,07.12.2022 12:18:39(UTC+1),,,,,,Samsung Internet Browser,,,userdata (ExtX)/Root/data/com.sec.android.app.sbrowser/app_sbrowser/Default/History : 0x5AC5 (Größe: 126976 Bytes),,
84,fahrrad verkaufen tipps - Google Suche,https://www.google.com/search?client=ms-android-tmobile-de&source=android-browser&q=fahrrad+verkaufen+tipps&oq=fahrrad+verkaufen+tioos&aqs=heirloom-srp.0.0l1,07.12.2022,07.12.2022 12:18:33(UTC+1),,,,,,Samsung Internet Browser,,,"userdata (ExtX)/Root/data/com.sec.android.app.sbrowser/app_sbrowser/Default/History : 0x5ADF (Tabelle: visits, urls, Größe: 126976 Bytes)",,
85,gebruachtes fahrrad preis - Google Suche,https://www.google.com/search?ie=UTF-8&client=ms-android-tmobile-de&source=android-browser&q=gebruachtes+fahrrad+preis,07.12.2022,07.12.2022 12:18:23(UTC+1),,,,,,Samsung Internet Browser,,,"userdata (ExtX)/Root/data/com.sec.android.app.sbrowser/app_sbrowser/Default/History : 0x5AF9 (Tabelle: visits, urls, Größe: 126976 Bytes)",,
86,Wie viel ist mein gebrauchtes Fahrrad wert? - movesto,http://www.movesto.de/wie-viel-ist-mein-gebrauchtes-fahrrad-wert,07.12.2022,07.12.2022 12:17:55(UTC+1),,,,,,Samsung Internet Browser,,,"userdata (ExtX)/Root/data/com.sec.android.app.sbrowser/app_sbrowser/Default/History : 0x5B13 (Tabelle: visits, urls, Größe: 126976 Bytes)",,
87,Wie viel ist mein gebrauchtes Fahrrad wert? - movesto,https://www.google.com/url?q=http://www.movesto.de/wie-viel-ist-mein-gebrauchtes-fahrrad-wert&sa=U&ved=2ahUKEwjRqYrtsOf7AhUbwAIHHeACBfEQFnoECAIQAg&usg=AOvVaw0evAvuNiouQDm1Yo1GBr5l,07.12.2022,07.12.2022 12:17:55(UTC+1),,,,,,Samsung Internet Browser,,,"userdata (ExtX)/Root/data/com.sec.android.app.sbrowser/app_sbrowser/Default/History : 0x5B2F (Tabelle: visits, urls, Größe: 126976 Bytes)",,
88,,http://www.movesto.de/wie-viel-ist-mein-gebrauchtes-fahrrad-wert,07.12.2022,07.12.2022 12:17:55(UTC+1),,,,,,Samsung Internet Browser,,,userdata (ExtX)/Root/data/com.sec.android.app.sbrowser/app_sbrowser/Default/History : 0x5B2F (Größe: 126976 Bytes),,
89,gebruachtes fahrrad preis - Google Suche,https://www.google.com/search?ie=UTF-8&client=ms-android-tmobile-de&source=android-browser&q=gebruachtes+fahrrad+preis,07.12.2022,07.12.2022 12:17:06(UTC+1),,,,,,Samsung Internet Browser,,,"userdata (ExtX)/Root/data/com.sec.android.app.sbrowser/app_sbrowser/Default/History : 0x5B49 (Tabelle: visits, urls, Größe: 126976 Bytes)",,
90,Was ist mein Fahrrad wert? - Faustformel und Tipps,https://thecycleverse.com/de/blog/was-ist-mein-fahrrad-wert,07.12.2022,07.12.2022 12:16:36(UTC+1),,,,,,Samsung Internet Browser,,,"userdata (ExtX)/Root/data/com.sec.android.app.sbrowser/app_sbrowser/Default/History : 0x5B63 (Tabelle: visits, urls, Größe: 126976 Bytes)",,
91,Was ist mein Fahrrad wert? - Faustformel und Tipps,https://www.google.com/url?q=https://thecycleverse.com/de/blog/was-ist-mein-fahrrad-wert&sa=U&ved=2ahUKEwjRqYrtsOf7AhUbwAIHHeACBfEQFnoECAwQAg&usg=AOvVaw3rS9RwLcdvRaPHF0_j6_s8,07.12.2022,07.12.2022 12:16:36(UTC+1),,,,,,Samsung Internet Browser,,,"userdata (ExtX)/Root/data/com.sec.android.app.sbrowser/app_sbrowser/Default/History : 0x5B7F (Tabelle: visits, urls, Größe: 126976 Bytes)",,
92,,https://thecycleverse.com/de/blog/was-ist-mein-fahrrad-wert,07.12.2022,07.12.2022 12:16:36(UTC+1),,,,,,Samsung Internet Browser,,,userdata (ExtX)/Root/data/com.sec.android.app.sbrowser/app_sbrowser/Default/History : 0x5B7F (Größe: 126976 Bytes),,
93,gebruachtes fahrrad preis - Google Suche,https://www.google.com/search?ie=UTF-8&client=ms-android-tmobile-de&source=android-browser&q=gebruachtes+fahrrad+preis,07.12.2022,07.12.2022 12:16:33(UTC+1),,,,,,Samsung Internet Browser,,,"userdata (ExtX)/Root/data/com.sec.android.app.sbrowser/app_sbrowser/Default/History : 0x5B99 (Tabelle: visits, urls, Größe: 126976 Bytes)",,
94,Ferienhäuser in Smaland,https://www.ferienhaus-smaland.de/ferienhaeuser/#/details/1674388,07.12.2022,07.12.2022 12:16:27(UTC+1),,,,,,Samsung Internet Browser,,,"userdata (ExtX)/Root/data/com.sec.android.app.sbrowser/app_sbrowser/Default/History : 0x5C25 (Tabelle: visits, urls, Größe: 126976 Bytes)",,
95,Ferienhäuser in Smaland,https://www.ferienhaus-smaland.de/ferienhaeuser/#/details/1674388,06.12.2022,06.12.2022 14:57:50(UTC+1),,,,,,Samsung Internet Browser,,,"userdata (ExtX)/Root/data/com.sec.android.app.sbrowser/app_sbrowser/Default/History : 0x5BD0 (Tabelle: visits, urls, Größe: 126976 Bytes)",,
96,Ferienhaus Schweden Schären mit Hund online buchen,https://www.ferienhaus-smaland.de/ferienhaeuser/stockholmer-schaerengarten/ferienhaus-schweden-schaeren-mit-hund/,06.12.2022,06.12.2022 14:57:42(UTC+1),,,,,,Samsung Internet Browser,,,"userdata (ExtX)/Root/data/com.sec.android.app.sbrowser/app_sbrowser/Default/History : 0x5BB3 (Tabelle: visits, urls, Größe: 126976 Bytes)",,
97,Ferienhäuser in Smaland,https://www.ferienhaus-smaland.de/ferienhaeuser/#/details/2144868,06.12.2022,06.12.2022 14:56:35(UTC+1),,,,,,Samsung Internet Browser,,,"userdata (ExtX)/Root/data/com.sec.android.app.sbrowser/app_sbrowser/Default/History : 0x5C09 (Tabelle: visits, urls, Größe: 126976 Bytes)",,
98,Ferienhaus Schweden Schären mit Hund online buchen,https://www.ferienhaus-smaland.de/ferienhaeuser/stockholmer-schaerengarten/ferienhaus-schweden-schaeren-mit-hund/,06.12.2022,06.12.2022 14:55:23(UTC+1),,,,,,Samsung Internet Browser,,,"userdata (ExtX)/Root/data/com.sec.android.app.sbrowser/app_sbrowser/Default/History : 0x5BEA (Tabelle: visits, urls, Größe: 126976 Bytes)",,
99,Ferienhaus Schweden Schären mit Hund online buchen,https://www.google.com/url?q=https://www.ferienhaus-smaland.de/ferienhaeuser/stockholmer-schaerengarten/ferienhaus-schweden-schaeren-mit-hund/&sa=U&ved=2ahUKEwj60Mu7kuX7AhVVJMUKHbFdCygQFnoECAwQAg&usg=AOvVaw2Ehl6vnizdHeXS1BQujci_,06.12.2022,06.12.2022 14:55:23(UTC+1),,,,,,Samsung Internet Browser,,,"userdata (ExtX)/Root/data/com.sec.android.app.sbrowser/app_sbrowser/Default/History : 0x5C3F (Tabelle: visits, urls, Größe: 126976 Bytes)",,
100,,https://www.ferienhaus-smaland.de/ferienhaeuser/stockholmer-schaerengarten/ferienhaus-schweden-schaeren-mit-hund/,06.12.2022,06.12.2022 14:55:23(UTC+1),,,,,,Samsung Internet Browser,,,userdata (ExtX)/Root/data/com.sec.android.app.sbrowser/app_sbrowser/Default/History : 0x5C3F (Größe: 126976 Bytes),,
101,ferienhaus schären hund - Google Suche,https://www.google.com/search?ie=UTF-8&client=ms-android-tmobile-de&source=android-browser&q=ferienhaus+sch%C3%A4ren+hund,06.12.2022,06.12.2022 14:55:16(UTC+1),,,,,,Samsung Internet Browser,,,"userdata (ExtX)/Root/data/com.sec.android.app.sbrowser/app_sbrowser/Default/History : 0x5C59 (Tabelle: visits, urls, Größe: 126976 Bytes)",,
102,Bergamont Gravel eBay Kleinanzeigen,https://www.ebay-kleinanzeigen.de/s-bergamont-gravel/k0,06.12.2022,06.12.2022 14:54:48(UTC+1),,,,,,Samsung Internet Browser,,,"userdata (ExtX)/Root/data/com.sec.android.app.sbrowser/app_sbrowser/Default/History : 0x5C73 (Tabelle: visits, urls, Größe: 126976 Bytes)",,
103,Bergamont Gravel eBay Kleinanzeigen,https://www.ebay-kleinanzeigen.de/s-bergamont-gravel/k0,06.12.2022,06.12.2022 14:54:46(UTC+1),,,,,,Samsung Internet Browser,,,"userdata (ExtX)/Root/data/com.sec.android.app.sbrowser/app_sbrowser/Default/History : 0x5C8D (Tabelle: visits, urls, Größe: 126976 Bytes)",,
104,Bergamont Gravel eBay Kleinanzeigen,https://www.ebay-kleinanzeigen.de/s-bergamont-gravel/k0,06.12.2022,06.12.2022 14:54:43(UTC+1),,,,,,Samsung Internet Browser,,,"userdata (ExtX)/Root/data/com.sec.android.app.sbrowser/app_sbrowser/Default/History : 0x5CA7 (Tabelle: visits, urls, Größe: 126976 Bytes)",,
105,Bergamont Gravel eBay Kleinanzeigen,https://www.ebay-kleinanzeigen.de/s-bergamont-gravel/k0,06.12.2022,06.12.2022 14:54:38(UTC+1),,,,,,Samsung Internet Browser,,,"userdata (ExtX)/Root/data/com.sec.android.app.sbrowser/app_sbrowser/Default/History : 0x5CC1 (Tabelle: visits, urls, Größe: 126976 Bytes)",,
106,Bergamont Gravel eBay Kleinanzeigen,https://www.google.com/url?q=https://www.ebay-kleinanzeigen.de/s-bergamont-gravel/k0&sa=U&ved=2ahUKEwiTwNf8kOX7AhUzwQIHHeczAb4QFnoECAoQAg&usg=AOvVaw3Sh_QYyTGyXLo6bE7L0qNP,06.12.2022,06.12.2022 14:54:38(UTC+1),,,,,,Samsung Internet Browser,,,"userdata (ExtX)/Root/data/com.sec.android.app.sbrowser/app_sbrowser/Default/History : 0x5CDD (Tabelle: visits, urls, Größe: 126976 Bytes)",,
107,,https://www.ebay-kleinanzeigen.de/s-bergamont-gravel/k0,06.12.2022,06.12.2022 14:54:38(UTC+1),,,,,,Samsung Internet Browser,,,userdata (ExtX)/Root/data/com.sec.android.app.sbrowser/app_sbrowser/Default/History : 0x5CDD (Größe: 126976 Bytes),,
108,bergamont gravelbike gebraucht - Google Suche,https://www.google.com/search?ie=UTF-8&client=ms-android-tmobile-de&source=android-browser&q=bergamont+gravelbike+gebraucht,06.12.2022,06.12.2022 14:48:36(UTC+1),,,,,,Samsung Internet Browser,,,"userdata (ExtX)/Root/data/com.sec.android.app.sbrowser/app_sbrowser/Default/History : 0x5D55 (Tabelle: visits, urls, Größe: 126976 Bytes)",,
109,Bergamont Grandurance RD 3 silver,https://www.bergamont.com/de/de/product/bergamont-grandurance-rd-3-silver?article=286815049,06.12.2022,06.12.2022 14:47:53(UTC+1),,,,,,Samsung Internet Browser,,,"userdata (ExtX)/Root/data/com.sec.android.app.sbrowser/app_sbrowser/Default/History : 0x5D8B (Tabelle: visits, urls, Größe: 126976 Bytes)",,
110,286815_1795614_png_zoom_3.jpg (2000×2000),https://asset.scott-sports.com/fit-in/2000x2000/286/286815_1795614_png_zoom_3.jpg?signature=301822189a95aeced3230470a038fa43a9f9455cb5168237f7f68cb860e8b466,05.12.2022,05.12.2022 18:56:06(UTC+1),,,,,,Samsung Internet Browser,,,"userdata (ExtX)/Root/data/com.sec.android.app.sbrowser/app_sbrowser/Default/History : 0x5D36 (Tabelle: visits, urls, Größe: 126976 Bytes)",,
111,Bergamont Grandurance RD 3 silver,https://www.bergamont.com/de/de/product/bergamont-grandurance-rd-3-silver?article=286815049,05.12.2022,05.12.2022 18:56:02(UTC+1),,,,,,Samsung Internet Browser,,,"userdata (ExtX)/Root/data/com.sec.android.app.sbrowser/app_sbrowser/Default/History : 0x5D18 (Tabelle: visits, urls, Größe: 126976 Bytes)",,
112,Bergamont Grandurance RD 3 silver,https://www.bergamont.com/de/de/product/bgm-bike-grandurance-rd-3-silver-49-null?article=286815049,05.12.2022,05.12.2022 18:56:02(UTC+1),,,,,,Samsung Internet Browser,,,"userdata (ExtX)/Root/data/com.sec.android.app.sbrowser/app_sbrowser/Default/History : 0x5D6F (Tabelle: visits, urls, Größe: 126976 Bytes)",,
113,Grandurance | Bergamont,https://www.bergamont.com/de/de/products/bergamont-bikes-performance-grandurance,05.12.2022,05.12.2022 18:54:57(UTC+1),,,,,,Samsung Internet Browser,,,"userdata (ExtX)/Root/data/com.sec.android.app.sbrowser/app_sbrowser/Default/History : 0x5CF7 (Tabelle: visits, urls, Größe: 126976 Bytes)",,
114,Grandurance | Bergamont,https://www.google.com/url?q=https://www.bergamont.com/de/de/products/bergamont-bikes-performance-grandurance&sa=U&ved=2ahUKEwiajPOShuP7AhUUgv0HHTtfDBAQFnoECAkQAg&usg=AOvVaw1DgvQ3mleL6SqTmj37xNeZ,05.12.2022,05.12.2022 18:54:57(UTC+1),,,,,,Samsung Internet Browser,,,"userdata (ExtX)/Root/data/com.sec.android.app.sbrowser/app_sbrowser/Default/History : 0x5DA5 (Tabelle: visits, urls, Größe: 126976 Bytes)",,
115,,https://www.bergamont.com/de/de/products/bergamont-bikes-performance-grandurance,05.12.2022,05.12.2022 18:54:57(UTC+1),,,,,,Samsung Internet Browser,,,userdata (ExtX)/Root/data/com.sec.android.app.sbrowser/app_sbrowser/Default/History : 0x5DA5 (Größe: 126976 Bytes),,
116,bergamont gravel bike - Google Suche,https://www.google.com/search?ie=UTF-8&client=ms-android-tmobile-de&source=android-browser&q=bergamont+gravel+bike,05.12.2022,05.12.2022 18:54:50(UTC+1),,,,,,Samsung Internet Browser,,,"userdata (ExtX)/Root/data/com.sec.android.app.sbrowser/app_sbrowser/Default/History : 0x5DBF (Tabelle: visits, urls, Größe: 126976 Bytes)",,
117,HOME | CUBE Bikes,https://www.cube.eu/de-de/,05.12.2022,05.12.2022 18:54:37(UTC+1),,,,,,Samsung Internet Browser,,,"userdata (ExtX)/Root/data/com.sec.android.app.sbrowser/app_sbrowser/Default/History : 0x5DD9 (Tabelle: visits, urls, Größe: 126976 Bytes)",,
118,HOME | CUBE Bikes,https://www.cube.eu/de-de/,04.12.2022,04.12.2022 21:40:14(UTC+1),,,,,,Samsung Internet Browser,,,"userdata (ExtX)/Root/data/com.sec.android.app.sbrowser/app_sbrowser/Default/History : 0x5DF3 (Tabelle: visits, urls, Größe: 126976 Bytes)",,
119,HOME | CUBE Bikes,https://www.google.com/url?q=https://www.cube.eu/de-de/&sa=U&ved=2ahUKEwiX77md6eD7AhVphP0HHWOSDS4QFnoECAkQAg&usg=AOvVaw1hk_JbO_XKmpzaZzZAtKpI,04.12.2022,04.12.2022 21:40:14(UTC+1),,,,,,Samsung Internet Browser,,,"userdata (ExtX)/Root/data/com.sec.android.app.sbrowser/app_sbrowser/Default/History : 0x5E0F (Tabelle: visits, urls, Größe: 126976 Bytes)",,
120,,https://www.cube.eu/de-de/,04.12.2022,04.12.2022 21:40:14(UTC+1),,,,,,Samsung Internet Browser,,,userdata (ExtX)/Root/data/com.sec.android.app.sbrowser/app_sbrowser/Default/History : 0x5E0F (Größe: 126976 Bytes),,
121,cube fahrtäder - Google Suche,https://www.google.com/search?ie=UTF-8&client=ms-android-tmobile-de&source=android-browser&q=cube+fahrt%C3%A4der,04.12.2022,04.12.2022 21:40:08(UTC+1),,,,,,Samsung Internet Browser,,,"userdata (ExtX)/Root/data/com.sec.android.app.sbrowser/app_sbrowser/Default/History : 0x5E29 (Tabelle: visits, urls, Größe: 126976 Bytes)",,
122,Ihr lokales Branchenbuch « cube.de,https://www.cube.de/,04.12.2022,04.12.2022 21:39:52(UTC+1),,,,,,Samsung Internet Browser,,,"userdata (ExtX)/Root/data/com.sec.android.app.sbrowser/app_sbrowser/Default/History : 0x5E43 (Tabelle: visits, urls, Größe: 126976 Bytes)",,
123,Ihr lokales Branchenbuch « cube.de,http://cube.de/,04.12.2022,04.12.2022 21:39:52(UTC+1),,,,,,Samsung Internet Browser,,,"userdata (ExtX)/Root/data/com.sec.android.app.sbrowser/app_sbrowser/Default/History : 0x5E5F (Tabelle: visits, urls, Größe: 126976 Bytes)",,
124,Zug ICE DB & IC Achim - Lüneburg | Tickets & Fahrplan | Trainline,https://www.thetrainline.com/de/bahn-fahrplan/achim-nach-luneburg,04.12.2022,04.12.2022 21:39:12(UTC+1),,,,,,Samsung Internet Browser,,,"userdata (ExtX)/Root/data/com.sec.android.app.sbrowser/app_sbrowser/Default/History : 0x5E79 (Tabelle: visits, urls, Größe: 126976 Bytes)",,
125,Zug ICE DB & IC Achim - Lüneburg | Tickets & Fahrplan | Trainline,https://www.thetrainline.com/de/bahn-fahrplan/achim-nach-luneburg,04.12.2022,04.12.2022 21:39:08(UTC+1),,,,,,Samsung Internet Browser,,,"userdata (ExtX)/Root/data/com.sec.android.app.sbrowser/app_sbrowser/Default/History : 0x5E93 (Tabelle: visits, urls, Größe: 126976 Bytes)",,
126,Zug ICE DB & IC Achim - Lüneburg | Tickets & Fahrplan | Trainline,https://www.thetrainline.com/de/bahn-fahrplan/achim-nach-luneburg,04.12.2022,04.12.2022 21:39:03(UTC+1),,,,,,Samsung Internet Browser,,,"userdata (ExtX)/Root/data/com.sec.android.app.sbrowser/app_sbrowser/Default/History : 0x5EAD (Tabelle: visits, urls, Größe: 126976 Bytes)",,
127,Zug ICE DB & IC Achim - Lüneburg | Tickets & Fahrplan | Trainline,https://www.thetrainline.com/de/bahn-fahrplan/achim-nach-luneburg,04.12.2022,04.12.2022 21:38:55(UTC+1),,,,,,Samsung Internet Browser,,,"userdata (ExtX)/Root/data/com.sec.android.app.sbrowser/app_sbrowser/Default/History : 0x5EC7 (Tabelle: visits, urls, Größe: 126976 Bytes)",,
128,Zug ICE DB & IC Achim - Lüneburg | Tickets & Fahrplan | Trainline,https://www.google.com/url?q=https://www.thetrainline.com/de/bahn-fahrplan/achim-nach-luneburg&sa=U&ved=2ahUKEwi2prr26OD7AhWGgv0HHXSJAfMQFnoECAkQAg&usg=AOvVaw3RqTMq0_031B9hTJRzdz07,04.12.2022,04.12.2022 21:38:55(UTC+1),,,,,,Samsung Internet Browser,,,"userdata (ExtX)/Root/data/com.sec.android.app.sbrowser/app_sbrowser/Default/History : 0x5EE3 (Tabelle: visits, urls, Größe: 126976 Bytes)",,
129,,https://www.thetrainline.com/de/bahn-fahrplan/achim-nach-luneburg,04.12.2022,04.12.2022 21:38:55(UTC+1),,,,,,Samsung Internet Browser,,,userdata (ExtX)/Root/data/com.sec.android.app.sbrowser/app_sbrowser/Default/History : 0x5EE3 (Größe: 126976 Bytes),,
130,zuverbindung achim lüneburg - Google Suche,https://www.google.com/search?ie=UTF-8&client=ms-android-tmobile-de&source=android-browser&q=zuverbindung+achim+l%C3%BCneburg,04.12.2022,04.12.2022 21:38:46(UTC+1),,,,,,Samsung Internet Browser,,,"userdata (ExtX)/Root/data/com.sec.android.app.sbrowser/app_sbrowser/Default/History : 0x5EFD (Tabelle: visits, urls, Größe: 126976 Bytes)",,
131,DB Fahrplan, Auskunft, Tickets, informieren und buchen - Deutsche Bahn,https://www.bahn.de/,04.12.2022,04.12.2022 21:38:10(UTC+1),,,,,,Samsung Internet Browser,,,"userdata (ExtX)/Root/data/com.sec.android.app.sbrowser/app_sbrowser/Default/History : 0x5F17 (Tabelle: visits, urls, Größe: 126976 Bytes)",,
132,DB Fahrplan, Auskunft, Tickets, informieren und buchen - Deutsche Bahn,http://bahn.de/,04.12.2022,04.12.2022 21:38:10(UTC+1),,,,,,Samsung Internet Browser,,,"userdata (ExtX)/Root/data/com.sec.android.app.sbrowser/app_sbrowser/Default/History : 0x5F33 (Tabelle: visits, urls, Größe: 126976 Bytes)",,
133,Original Spaghetti Carbonara Rezept - emmikochteinfach,https://emmikochteinfach.de/original-spaghetti-carbonara-rezept/,04.12.2022,04.12.2022 21:38:04(UTC+1),,,,,,Samsung Internet Browser,,,"userdata (ExtX)/Root/data/com.sec.android.app.sbrowser/app_sbrowser/Default/History : 0x5F4D (Tabelle: visits, urls, Größe: 126976 Bytes)",,
134,Original Spaghetti Carbonara Rezept - emmikochteinfach,https://emmikochteinfach.de/original-spaghetti-carbonara-rezept/,01.12.2022,01.12.2022 17:16:35(UTC+1),,,,,,Samsung Internet Browser,,,"userdata (ExtX)/Root/data/com.sec.android.app.sbrowser/app_sbrowser/Default/History : 0x5F67 (Tabelle: visits, urls, Größe: 126976 Bytes)",,
135,Original Spaghetti Carbonara Rezept - emmikochteinfach,https://www.google.com/url?q=https://emmikochteinfach.de/original-spaghetti-carbonara-rezept/&sa=U&ved=2ahUKEwjmr5XX6Nj7AhW9wAIHHWjBA7wQFnoECAoQAg&usg=AOvVaw39RQZZZiI1kwNuGxgNO4XZ,01.12.2022,01.12.2022 17:16:35(UTC+1),,,,,,Samsung Internet Browser,,,"userdata (ExtX)/Root/data/com.sec.android.app.sbrowser/app_sbrowser/Default/History : 0x5F83 (Tabelle: visits, urls, Größe: 126976 Bytes)",,
136,,https://emmikochteinfach.de/original-spaghetti-carbonara-rezept/,01.12.2022,01.12.2022 17:16:35(UTC+1),,,,,,Samsung Internet Browser,,,userdata (ExtX)/Root/data/com.sec.android.app.sbrowser/app_sbrowser/Default/History : 0x5F83 (Größe: 126976 Bytes),,
137,spaghetti carbonara - Google Suche,https://consent.google.com/save,01.12.2022,01.12.2022 17:16:25(UTC+1),,,,,,Samsung Internet Browser,,,"userdata (ExtX)/Root/data/com.sec.android.app.sbrowser/app_sbrowser/Default/History : 0x5FBB (Tabelle: visits, urls, Größe: 126976 Bytes)",,
138,spaghetti carbonara - Google Suche,https://www.google.com/search?ie=UTF-8&client=ms-android-tmobile-de&source=android-browser&q=spaghetti+carbonara,01.12.2022,01.12.2022 17:16:25(UTC+1),,,,,,Samsung Internet Browser,,,"userdata (ExtX)/Root/data/com.sec.android.app.sbrowser/app_sbrowser/Default/History : 0x5FD5 (Tabelle: visits, urls, Größe: 126976 Bytes)",,
139,Bevor Sie zur Google Suche weitergehen,https://consent.google.com/ml?continue=https://www.google.com/search%3Fie%3DUTF-8%26client%3Dms-android-tmobile-de%26source%3Dandroid-browser%26q%3Dspaghetti%2Bcarbonara&gl=DE&m=1&pc=srp&uxe=none&hl=de&src=1,01.12.2022,01.12.2022 17:16:21(UTC+1),,,,,,Samsung Internet Browser,,,"userdata (ExtX)/Root/data/com.sec.android.app.sbrowser/app_sbrowser/Default/History : 0x5F9D (Tabelle: visits, urls, Größe: 126976 Bytes)",,
140,spaghetti carbonara - Google Suche,https://www.google.com/search?ie=UTF-8&client=ms-android-tmobile-de&source=android-browser&q=spaghetti+carbonara,01.12.2022,01.12.2022 17:16:21(UTC+1),,,,,,Samsung Internet Browser,,,"userdata (ExtX)/Root/data/com.sec.android.app.sbrowser/app_sbrowser/Default/History : 0x5FF1 (Tabelle: visits, urls, Größe: 126976 Bytes)",,
141,,https://account.google.com/smartlink/home?hl=en&utm_source=ppr&utm_medium=email&utm_campaign=ppr,29.11.2022,29.11.2022 01:57:36(UTC+1),,,,,,Gmail,,,,,
142,,https://myaccount.google.com/privacycheckup/1?pc_email=siegfriedmuller107%40gmail.com&hl=en&utm_source=ppr&utm_medium=email&utm_campaign=signup-fast-privacyreminder-start-button,29.11.2022,29.11.2022 01:57:36(UTC+1),,,,,,Gmail,,,,,
143,,https://myaccount.google.com/privacycheckup/1?pc_email=siegfriedmuller107%40gmail.com&hl=en&utm_source=ppr&utm_medium=email&utm_campaign=signup-fast-privacyreminder-start-link,29.11.2022,29.11.2022 01:57:36(UTC+1),,,,,,Gmail,,,,,
144,,https://help.content.samsung.com/csweb/faq/searchFaq.do,28.11.2022,28.11.2022 00:34:13(UTC+1),,,,,,Gmail,,,,,
145,,https://account.samsung.com/membership/intro,28.11.2022,28.11.2022 00:34:13(UTC+1),,,,,,Gmail,,,,,
146,,https://notifications.google.com/g/p/ACnX6LY71AgkFMt0a-slrd3MPJd5rRi_XQO9xvn_dYpwD8R04amRtTa-OUKvssMW-9R8H5DrYPm0VW4-laDxjEezumo0Av2vVkCrP-T17B-QUs8SqZ0JamzA-h1ZgbFzsEQtr6wQNd_xd4IbByWeLVS4RvcxSnr2yWCZFoRnx9FB-pl7YTxHJWBB-gG78oep1quh1E4RiuwKltzlGhIHQ1CzPP9HfkS770MDRu_fKBcivDVK8mlTnrbyVOmRNbpdhjxLzKEskZ-rX_Htt6vJowCIW8ebZmnIPAS2s4_jrlv88T0LBsaer_8VnvytnnlI354c8_rbT9BmsgZXpCuuko8Z0A8bU44sb81qxNppcE3oSQ,28.11.2022,28.11.2022 00:29:40(UTC+1),,,,,,Gmail,,,,,
147,,https://notifications.google.com/g/p/ACnX6LZi7GazYyCSK0fj9HrelO6ypDVdD8oqFPsIIkgMNR3krkIn_SkUn33u8xjdgEljSjCrIfYAiXj-JdMq6Ko5n5GmIiXlp9-hO6ifndrTcMHrSJFknQEDCkTIzWo5zWToeXZWN3qEL8Pn9-X6ghClqOBh5VSb6suXmsQSug99LMtO1OxQwpjvL7AEUmgUeQgd-a7oCSgQDzDu5Etjs5T-N0Z1RkwZ67IYx_vbOLCugJmDeZJJURK8QxLPjFBfoTvrNuOkFVDp9qqFFadNXmYq3xSOrNvB1tT8UBPS0FImEfRjZK6nFCekk60VypAERmbwrmtwp98sl_hounvsUu7nS1kMZshu_BY4k9J-nVOM-w,28.11.2022,28.11.2022 00:29:40(UTC+1),,,,,,Gmail,,,,,
148,,https://notifications.google.com/g/p/ACnX6LYLp9AfctZpCYQJxcqfCh1suEIrByBKSFl_CHaq87fqUEaEIocYw-OSRtNA-4vy9vM-Ly9s-_Il90EGVJXeHcEBZ-GUoGC73iH6bVjlY7qq1uwaohjkqLqRjGkLnOAHoXP1V-JanJ60uYS3UFU_pBsJ0feC_ZUJ-yJsjzb0D7s4ppLUv_FAyIT2yQ9bl0S2haUoBRTKTSJ4N-IPTcZrOlnYrU8Wp2zZUZaRol7vyuVDrvGEvSfT6ImzTzpGwCFpr1M9dWMp4hyWUGx5vWa22w,28.11.2022,28.11.2022 00:29:40(UTC+1),,,,,,Gmail,,,,,
149,,https://notifications.google.com/g/p/ACnX6LYgcIus6kYkpl-k0YOjxf_9feb2soyVfApodPtrfMD3-OU_IWQpCNCq2KzeC4J_iYbsHHdv5wYtlO2WhmxxpYFUwv06SBUJv9U_z1JcwCbOOv_t4gShHd5wvm6ewxCk9vCV4cWnIkHn09VWlBmgBVYyZSpxpEai315hcdXQ8vNdaS9gxdpOwf1Gbzl4dFQMWVN3xHixFEh7QlgrQQ5p4Y-UJEOLFhfBoxI3yNF-3ONrOHsQuHrobdHG,28.11.2022,28.11.2022 00:29:40(UTC+1),,,,,,Gmail,,,,,
150,,https://www.ebay-kleinanzeigen.de/anzeigen/datenschutzerklaerung.html,22.11.2022,22.11.2022 14:15:13(UTC+1),,,,,,Gmail,,,,,
151,,https://www.ebay-kleinanzeigen.de/anzeigen/impressum.html,22.11.2022,22.11.2022 14:15:13(UTC+1),,,,,,Gmail,,,,,
152,,https://www.instagram.com/ebay_kleinanzeigen/,22.11.2022,22.11.2022 14:15:13(UTC+1),,,,,,Gmail,,,,,
153,,https://www.pinterest.com/eBay_KA/,22.11.2022,22.11.2022 14:15:13(UTC+1),,,,,,Gmail,,,,,
154,,https://twitter.com/ebay_ka,22.11.2022,22.11.2022 14:15:13(UTC+1),,,,,,Gmail,,,,,
155,,https://www.facebook.com/eBayKleinanzeigen,22.11.2022,22.11.2022 14:15:13(UTC+1),,,,,,Gmail,,,,,
156,,http://itunes.apple.com/de/app/ebay-kleinanzeigen/id382596778,22.11.2022,22.11.2022 14:15:13(UTC+1),,,,,,Gmail,,,,,
157,,https://play.google.com/store/apps/details?id=com.ebay.kleinanzeigen,22.11.2022,22.11.2022 14:15:13(UTC+1),,,,,,Gmail,,,,,
158,,https://themen.ebay-kleinanzeigen.de/hilfe/?utm_source=email&utm_medium=system_email&utm_campaign=UserRegistration&utm_content=Other,22.11.2022,22.11.2022 14:15:13(UTC+1),,,,,,Gmail,,,,,
159,,https://www.ebay-kleinanzeigen.de/m-benutzer-verifizieren.html?uuid=9f2608dc-9f24-4468-a530-569194f81932&targetExperience=WEB&utm_source=email&utm_medium=system_email&utm_campaign=email-UserRegistration&utm_content=ConfirmRegistration,22.11.2022,22.11.2022 14:15:13(UTC+1),,,,,,Gmail,,,,,
160,,https://www.ebay-kleinanzeigen.de/s-immobilien/c195,22.11.2022,22.11.2022 14:15:13(UTC+1),,,,,,Gmail,,,,,
161,,https://www.ebay-kleinanzeigen.de/s-autos/c216,22.11.2022,22.11.2022 14:15:13(UTC+1),,,,,,Gmail,,,,,
162,,https://www.ebay-kleinanzeigen.de?utm_source=email&utm_medium=system_email,22.11.2022,22.11.2022 14:15:13(UTC+1),,,,,,Gmail,,,,,
163,,https://www.ebay-kleinanzeigen.de,22.11.2022,22.11.2022 14:15:13(UTC+1),,,,,,Gmail,,,,,
164,,https://notifications.google.com/g/p/ACnX6LZddWqaSVWQFjaEVtTcg0pZ4MXvVvJDAHcw6-7pJAWV2F1ckZEF1soisHbHS5Kt759W9AMtqmqk-PtmA3Pug4swY9J_0uw5mSdW6wKN9Ficv_imwzaFZA3F3jg7lHcd3PUGz-8xBNEuhPKxNESjo7bzfGvSBVFj5UDm-Unp0UNjGyEDhrGIVFFVTQn80cjhj-IVds4pE0PZvF6JJYqEubNKLYXC3ozo,15.11.2022,15.11.2022 01:57:54(UTC+1),,,,,,Gmail,,,,,
165,,https://notifications.google.com/g/p/ACnX6LZ4pHvig0rL4OOVYK2zQR0cWYJBMVgQsw4yMHclzbLlNzRQ_KkXWBKcAxHrQe3LmNf9_IGE-hscMBOJ8tA04HzjJNg4TGiJ8oWKXfiBWyWzGuVQe-BWmGAHe9sOb5V8TW5KljKtYYLNdLQuX_NGgLx9wdO1alwvRkakjqFgITdu2p-WMUl8bAjUZtZMAc1jA78hfPAT9NQFgF7V0fGFVq8N,15.11.2022,15.11.2022 01:57:54(UTC+1),,,,,,Gmail,,,,,
166,,https://notifications.google.com/g/p/ACnX6LYWZYJbfXODWCi9vHVmPN9RKNhj0OL5tfX0NlPbKngWvC-z18doTRAPOpVV8FCANt4BR1vRacNQHsR1yarYov9JWvLuWbfS8X30SeiKnRpHhrKTdZvQI1BTG4zgF7DSw0RSf8X57HBahY8giKs_gD8JTnFZLa0OR8C0vHTj2KMeEk8UcAJqDNg_2Ed3cgUc2R5JLzqV9vYmX3iogjJ1fjWNQzg,15.11.2022,15.11.2022 01:57:54(UTC+1),,,,,,Gmail,,,,,
167,,https://notifications.google.com/g/p/ACnX6LZOJpKMDB1D8dj_3FJr9A-thzAX_SakHz8Wp1HCSAqNZ19UzqlOEmCajNwplVFYYWzClBtIrPCBbcG1rLI4bbiQoC1hVF5zqT97YTec7Q0FP67WnN890JJ5UoNZVPAsntVWV0om0N1Fx3h2-xT9gIlT7lTHqckXhz-kZfJHaf98cI4H5XclifYU2GWgPSgiwC2HGBGcz_l0EIFlOomhQfKaA7JV_-rl,15.11.2022,15.11.2022 01:57:54(UTC+1),,,,,,Gmail,,,,,
168,,https://notifications.google.com/g/p/ACnX6LbRkJoJ4iusVAa7roJXjB8AoocByzo9DO0WNZ9mPxZGOlSikgk4EQBbRLPwBBD8Ho8jaJcVybAjcOvbynWbfYtC6suRiKmUDnSgYTqTo-LyP7qhhpH_RxSGyrZgqHSpzb9BNzAo2Udn_-KhpCTCthmD0aEQ18-6WargXsyXjMo6tjLO0mZLLdTGWHCW6SRyRsjTScBnHEx1T3e_wt4jqtG3Q9m3nZoUlA,15.11.2022,15.11.2022 01:57:54(UTC+1),,,,,,Gmail,,,,,
169,,https://notifications.google.com/g/p/ACnX6Lb1o_Mi_0JNVEZfanSNLOdKNjE22d-jUAVcqwoYCLTb3eYCCYQaNr7JMYDdVjlaRZB0IwqQgSowu8Fh-LYOPLngXZlEVPoB2GFDsnvpDKoNJGU3g_ciYrtjTEI3kArZNvGzO5wd3TV6TA4sWBmpnzVtYdVuMn9MHVGuZZmZvpAHkpWjaYpdUL2hmvKYcHtRpn1omd4PelO_lp0cHSL8lO7oUNJ7XT1WMLODp_pSQ5wFxRNLKr6h9yY,15.11.2022,15.11.2022 01:57:54(UTC+1),,,,,,Gmail,,,,,
170,,https://notifications.google.com/g/p/ACnX6Lb6jLD4CFbuOH2L-8d710P05Bd47PS9P6W-Rvug7OL73qSYxXCuGoSgLJAeJVUoJfvo0zKd91bq3PIQzkUqjlh4BermuOYPyl0SDh1RJY57aGNvbfhnbrZi6gNpw20ELOphgvfmQiSXp91p4gLKeVXBUhgYUygLRWElgikQag0uunvhqeMzP84C0tAa2GDrhXjKHHslazqVWdGQMEukixnLFY5Ipg,15.11.2022,15.11.2022 01:57:54(UTC+1),,,,,,Gmail,,,,,
171,,https://notifications.google.com/g/p/ACnX6LaWynnSpbCPPIj9FWdz3tDXcuBRYIJUQ8OhZY2Sk8EqWNjplFcaCza_P1hWDQCMRmK9yts_vYGlb8s0QECg_CW7b6a3JBce25EATK_tfWL4k1bxGi8dGLTb01GAtZp6TuJrGXqgP4F0eKcckhAyyG1HT_-gsxsUpL_KgxGgp1PbOarqmJUoLpCJE9EQ8nmSWmF2Qh05hVsxnDsrGzHPR9j2n127NqU,15.11.2022,15.11.2022 01:57:54(UTC+1),,,,,,Gmail,,,,,
172,,https://notifications.google.com/g/p/ACnX6LbHVNWcN7BA9xTl9LJn284KV5yO-R297hYAgA9lzLF0POi6IJ2T2a3OJstLL0k-JyKpEOq5ErRXciw-tPK9wInnRdjqFEizMXzKTfNEZINL_9Va9lAnKSsjvuB3NrKZwW2iCq2Eo7e9ys7jCK4W9NTJv9YSAnJSnWjLZsjymBCJqqV4ESAwSPMD8bH9tveFtL2dD8Fhvlnlv6-lWDLX0n8UdlSU1A9weaYymJkS-yx9__UcRk4GMnG61jAc74Pbg04Rb9HXwr-CK6k42t6KAhwKRSkgm7EkBuP-ahYHEEoF2Rp23-adW4TfFUuqFwk86WidDUQnPWfRuvwQvYJqGkxZRvoKoZHAAUE5rA,15.11.2022,15.11.2022 01:57:54(UTC+1),,,,,,Gmail,,,,,
173,,https://notifications.google.com/g/p/ACnX6LYOioA2hAPNkDQNCEVzbOPcrIu-vJdCLfUsvbs_NCxbjARUKORREzjQfz_HtX-MS_MLxo-2CWL5mnBtBYbh8hdD55wmxuT8qQPFgv39hy6WSdQ2OCoauAMdWhBwgY9CCPmqlN5WgLnwjehXSnVGZ1CQSbGaljOcFSwf1M-Eft9NC9pSTASEaUDJPyrfwjfA0f-Yua5NqFfgigPFGqQS7R0,15.11.2022,15.11.2022 01:57:54(UTC+1),,,,,,Gmail,,,,,
174,,https://notifications.google.com/g/p/ACnX6LaMHnDnc8zfxBOdsjtQJvprdzMobzOcSEfRXDSOfvPYkva5S460jG2Jykz-VLXXzgbVSnJ308iJf9vdrr99y3O9dWVu8uumfYFosq3HwvdEFF0nqOj-yEX50jjv_8qZsEzjLdafvfyeeoHmQ1h-phUumKqBU8_nl79PMn_BTAwfJuyWTiEvZE7NMkYi27CZmE_1Ne7ejXk6PA8fT0nbKuDMlJgM0_srzsYdd-hB5ckyit24sZvrCyQT8lajS32YuQoTex3vGpo4GwX7VJilGIepMfkGf8H-BMezApABAyAHm0H4RsOch25BgJgWcHfrcNCzwrvHlObZPqhvOlvqCaqNsQJ_JmB9nFTsKsAFrjTiokm66ooaABNgDgscF7u6VhQo1JRMDVsiNuL-Qs1NJfB2tIkgkb8XXfxHZ6y72Y8lU4m3FiMRNa_ZBaP5OAhMkUXO61Osv6jtDnQruBFydfSKhstYbVuK9s6XjwkLOPy79ki50UXSl726sOmnMQc_MzT8VBwW9LRrVZmhdCuS-0ECdJ0nj-I8uXyuQReTzROJHhUpGqregCBcY3_hpZ0Z6x7LTjcagJcas1r6jDktUUHy4cbwiWRbJe6jrkjIstYLUaxU6tG7XWZdp_LCiXU-KH3-ANPBsxTJ5EQAgWtek1E3C_nopIlkFYOlDvugvkoJ-SoQqa95_wemniFVJB3New,15.11.2022,15.11.2022 01:57:54(UTC+1),,,,,,Gmail,,,,,
175,,https://notifications.google.com/g/p/ACnX6LZa454O1A7P8cxVXLw4XvAcD-0bPaFZMt26J-uhnCTHWhu1y1vnFoI93kiBWFwK3DZcWBDDBtgR2gw_ETJ84CmlZ6SFa8Uw_w0p36ImY5oPUVnuJ1NEnCPmAQksNap7sMZUbsArw6U,15.11.2022,15.11.2022 01:57:54(UTC+1),,,,,,Gmail,,,,,
176,,https://notifications.google.com/g/p/ACnX6LbBGNG1wXtCKJaOzpbhCna0_m9A0-MIC0B8wH2msszWpZxYbTw-Z_HDWo1C1VPsYzp6bmxJOUbVN_1ayNgjj5B_pyxkpikVx-mtcMHtxne96Ll-_3OQuRWPrYNdmRntsA8TFRfKoACb-C2cO7VphY5TIzVOrqLvUC4-LCetgEJpWDBD-TxLybH9emFS1bWCYCmoRmwxjDdqmiq_REvp21gc43kStwRsmDHe3Y06hL7_eTCkYQ,15.11.2022,15.11.2022 01:57:54(UTC+1),,,,,,Gmail,,,,,
177,ebaykleinanzeigen sicherheitsprüfung - Google Suche,https://www.google.com/search?ie=UTF-8&client=ms-android-tmobile-de&source=android-browser&q=ebaykleinanzeigen+sicherheitspr%C3%BCfung,,,,Häufig,,,,Samsung Internet Browser,,,"userdata (ExtX)/Root/data/com.sec.android.app.sbrowser/app_sbrowser/Default/Top Sites : 0x4DA9 (Tabelle: thumbnails, Größe: 24576 Bytes)",,
178,Ihr lokales Branchenbuch « cube.de,http://cube.de/,,,,Häufig,,,,Samsung Internet Browser,,,"userdata (ExtX)/Root/data/com.sec.android.app.sbrowser/app_sbrowser/Default/Top Sites : 0x4F05 (Tabelle: thumbnails, Größe: 24576 Bytes)",,
178(1),Ihr lokales Branchenbuch « cube.de,http://cube.de/,,,,Häufig,,,,Samsung Internet Browser,Ja,,userdata (ExtX)/Root/data/com.sec.android.app.sbrowser/app_sbrowser/Default/Top Sites-journal : 0x2111 (Größe: 12824 Bytes),,
179,DB Fahrplan, Auskunft, Tickets, informieren und buchen - Deutsche Bahn,http://bahn.de/,,,,Häufig,,,,Samsung Internet Browser,,,"userdata (ExtX)/Root/data/com.sec.android.app.sbrowser/app_sbrowser/Default/Top Sites : 0x4F79 (Tabelle: thumbnails, Größe: 24576 Bytes)",,
179(1),DB Fahrplan, Auskunft, Tickets, informieren und buchen - Deutsche Bahn,http://bahn.de/,,,,Häufig,,,,Samsung Internet Browser,Ja,,userdata (ExtX)/Root/data/com.sec.android.app.sbrowser/app_sbrowser/Default/Top Sites-journal : 0x2185 (Größe: 12824 Bytes),,
